﻿<?xml version="1.0" encoding="utf-8"?>
<Project ToolsVersion="Current" xmlns="http://schemas.microsoft.com/developer/msbuild/2003">
  <PropertyGroup>
    <IncludeCompositeObjects>True</IncludeCompositeObjects>
    <TargetDatabaseName>for_life</TargetDatabaseName>
    <DeployScriptFileName>for_life.sql</DeployScriptFileName>
    <TargetConnectionString>Data Source=DESKTOP-9P7JDSE;Persist Security Info=True;User ID=for_life;Pooling=False;Multiple Active Result Sets=False;Connect Timeout=60;Encrypt=False;Trust Server Certificate=False;Command Timeout=0</TargetConnectionString>
    <ProfileVersionNumber>1</ProfileVersionNumber>
  </PropertyGroup>
</Project>