Id;patient_id;responsible_id;observation;modality
1;267;2;Em atendimento;1
2;268;4;Em atendimento;1
3;269;5;Em atendimento;1
4;270;8;Em atendimento;1
5;271;11;Em atendimento;1
6;272;2;Em atendimento;1
7;273;4;Em atendimento;1
8;274;5;Em atendimento;1
9;275;8;Em atendimento;1
10;276;11;Em atendimento;1
11;277;2;Em atendimento;1
12;278;2;Em atendimento;1
13;279;2;Em atendimento;1
14;280;8;Em atendimento;1
15;281;11;Em atendimento;1
16;282;2;Em atendimento;1
17;283;4;Em atendimento;1
18;284;5;Em atendimento;1
19;285;8;Em atendimento;1
20;286;11;Em atendimento;1
21;287;2;Em atendimento;1
22;288;4;Em atendimento;1
23;289;5;Em atendimento;1
24;290;8;Em atendimento;1
25;291;11;Em atendimento;1
26;292;2;Em atendimento;1
27;293;11;Em atendimento;1
28;294;5;Em atendimento;1
29;295;8;Em atendimento;1
30;296;11;Em atendimento;1
31;297;2;Em atendimento;1
32;298;4;Em atendimento;1
33;299;5;Em atendimento;1
34;300;8;Em atendimento;1
35;301;11;Em atendimento;1
36;302;8;Em atendimento;1
37;303;2;Em atendimento;1
38;304;4;Em atendimento;1
39;305;4;Em atendimento;1
40;306;4;Em atendimento;1
41;307;4;Em atendimento;1
42;308;4;Em atendimento;1
43;309;4;Em atendimento;1
44;310;2;Em atendimento;1
45;311;4;Em atendimento;1
46;312;2;Em atendimento;1
47;313;2;Em atendimento;1
48;314;11;Em atendimento;1
49;315;11;Em atendimento;1
50;316;11;Em atendimento;1
51;317;11;Em atendimento;1
52;318;11;Em atendimento;1
53;319;11;Em atendimento;1
54;320;2;Em atendimento;1
55;321;2;Em atendimento;1
56;322;2;Em atendimento;1
57;323;11;Em atendimento;1
58;324;2;Em atendimento;1
59;325;11;Em atendimento;1
60;326;2;Em atendimento;1
61;327;11;Em atendimento;1
62;328;11;Em atendimento;1
63;329;2;Em atendimento;1
64;330;4;Em atendimento;1
65;331;5;Em atendimento;1
66;332;8;Em atendimento;1
67;333;2;Em atendimento;1
68;334;4;Em atendimento;1
69;335;5;Em atendimento;1
70;336;4;Em atendimento;1
71;337;2;Em atendimento;1
72;338;4;Em atendimento;1
73;339;2;Em atendimento;1
74;340;2;Em atendimento;1
75;341;2;Em atendimento;1
76;342;2;Em atendimento;1
77;343;5;Em atendimento;1
78;344;2;Em atendimento;1
79;345;2;Em atendimento;1
80;346;4;Em atendimento;1
81;347;2;Em atendimento;1
82;348;2;Em atendimento;1
83;349;2;Em atendimento;1
84;350;11;Em atendimento;1
85;351;2;Em atendimento;1
86;352;11;Em atendimento;1
87;353;2;Em atendimento;1
88;354;2;Em atendimento;1
89;355;2;Em atendimento;1
90;356;2;Em atendimento;1
91;357;2;Em atendimento;1
92;358;2;Em atendimento;1
93;359;2;Em atendimento;1
94;360;2;Em atendimento;1
95;361;4;Em atendimento;1
96;362;5;Em atendimento;1
97;363;4;Em atendimento;1
98;364;2;Em atendimento;1
99;365;4;Em atendimento;1
100;366;2;Em atendimento;1
101;367;8;Em atendimento;1
102;368;2;Em atendimento;1
103;369;2;Em atendimento;1
104;370;2;Em atendimento;1
105;371;2;Em atendimento;1
106;372;8;Em atendimento;1
107;373;2;Em atendimento;1
108;374;2;Em atendimento;1
109;375;2;Em atendimento;1
110;376;4;Em atendimento;1
111;377;4;Em atendimento;1
112;378;2;Em atendimento;1
113;379;2;Em atendimento;1
114;380;2;Em atendimento;1
115;381;2;Em atendimento;1
116;382;2;Em atendimento;1
117;383;2;Em atendimento;1
118;384;5;Em atendimento;1
119;385;2;Em atendimento;1
120;386;2;Em atendimento;1
121;387;2;Em atendimento;1
122;388;2;Em atendimento;1
123;389;2;Em atendimento;1
124;390;2;Em atendimento;1
125;391;2;Em atendimento;1
126;392;2;Em atendimento;1
127;393;2;Em atendimento;1
128;394;2;Em atendimento;1
129;395;2;Em atendimento;1
130;396;2;Em atendimento;1
131;397;2;Em atendimento;1
132;398;2;Em atendimento;1
133;399;2;Em atendimento;1
134;400;2;Em atendimento;1
135;401;2;Em atendimento;1
136;402;2;Em atendimento;1
137;403;2;Em atendimento;1
138;404;2;Em atendimento;1
139;405;2;Em atendimento;1
140;406;2;Em atendimento;1
141;407;2;Em atendimento;1
142;408;2;Em atendimento;1
143;409;2;Em atendimento;1
144;410;2;Em atendimento;1
145;411;2;Em atendimento;1
146;412;2;Em atendimento;1
147;413;2;Em atendimento;1
148;414;2;Em atendimento;1
149;415;2;Em atendimento;1
150;416;2;Em atendimento;1
151;417;2;Em atendimento;1
152;418;2;Em atendimento;1
153;419;2;Em atendimento;1
154;420;2;Em atendimento;1
155;421;2;Em atendimento;1
156;422;2;Em atendimento;1
157;423;2;Em atendimento;1
158;424;2;Em atendimento;1
159;425;2;Em atendimento;1
160;426;2;Em atendimento;1
161;427;2;Em atendimento;1
162;428;2;Em atendimento;1
163;429;2;Em atendimento;1
164;430;2;Em atendimento;1
165;431;2;Em atendimento;1
166;432;2;Em atendimento;1
167;433;2;Em atendimento;1
168;434;2;Em atendimento;1
169;435;2;Em atendimento;1
170;436;2;Em atendimento;1
171;437;2;Em atendimento;1
172;438;2;Em atendimento;1
173;439;2;Em atendimento;1
174;440;2;Em atendimento;1
175;441;11;Em atendimento;1
176;442;2;Em atendimento;1
177;443;2;Em atendimento;1
178;444;2;Em atendimento;1
179;445;2;Em atendimento;1
180;446;2;Em atendimento;1
181;447;2;Em atendimento;1
182;448;2;Em atendimento;1
183;449;11;Em atendimento;1
184;450;2;Em atendimento;1
185;451;2;Em atendimento;1
186;452;2;Em atendimento;1
187;453;5;Em atendimento;1
188;454;5;Em atendimento;1
189;455;5;Em atendimento;1
190;456;5;Em atendimento;1
191;457;5;Em atendimento;1
192;458;2;Em atendimento;1
193;459;2;Em atendimento;1
194;460;2;Em atendimento;1
195;461;2;Em atendimento;1
196;462;2;Em atendimento;1
197;463;8;Em atendimento;1
198;464;8;Em atendimento;1
199;465;8;Em atendimento;1
200;466;8;Em atendimento;1
201;100;8;Em atendimento;1
202;101;2;Em atendimento;1
203;102;4;Em atendimento;1
204;103;4;Em atendimento;1
205;104;4;Em atendimento;1
206;105;4;Em atendimento;1
207;106;4;Em atendimento;1
208;107;4;Em atendimento;1
209;108;2;Em atendimento;1
210;109;4;Em atendimento;1
211;110;2;Em atendimento;1
212;111;2;Em atendimento;1
213;112;11;Em atendimento;1
214;113;11;Em atendimento;1
215;114;11;Em atendimento;1
216;115;11;Em atendimento;1
217;116;11;Em atendimento;1
218;117;11;Em atendimento;1
219;118;2;Em atendimento;1
220;119;2;Em atendimento;1
221;120;2;Em atendimento;1
222;121;11;Em atendimento;1
223;122;2;Em atendimento;1
224;123;8;Em atendimento;1
225;124;2;Em atendimento;1
226;125;4;Em atendimento;1
227;126;4;Em atendimento;1
228;127;4;Em atendimento;1
229;128;4;Em atendimento;1
230;129;4;Em atendimento;1
231;130;4;Em atendimento;1
232;131;2;Em atendimento;1
233;132;4;Em atendimento;1
234;133;2;Em atendimento;1
235;134;2;Em atendimento;1
236;135;11;Em atendimento;1
237;136;11;Em atendimento;1
238;137;11;Em atendimento;1
239;138;11;Em atendimento;1
240;139;11;Em atendimento;1
241;140;11;Em atendimento;1
242;141;2;Em atendimento;1
243;142;2;Em atendimento;1
244;143;2;Em atendimento;1
245;144;11;Em atendimento;1
246;145;2;Em atendimento;1
247;146;8;Em atendimento;1
248;147;2;Em atendimento;1
249;148;4;Em atendimento;1
250;149;4;Em atendimento;1
251;150;4;Em atendimento;1
252;200;4;Em atendimento;1
253;201;4;Em atendimento;1
254;202;4;Em atendimento;1
255;203;2;Em atendimento;1
256;204;4;Em atendimento;1
257;205;2;Em atendimento;1
258;206;2;Em atendimento;1
259;207;11;Em atendimento;1
260;208;11;Em atendimento;1
261;209;11;Em atendimento;1
262;210;11;Em atendimento;1
263;211;11;Em atendimento;1
264;212;11;Em atendimento;1
265;213;2;Em atendimento;1
266;214;2;Em atendimento;1
267;215;2;Em atendimento;1
268;216;11;Em atendimento;1
269;217;2;Em atendimento;1
270;218;8;Em atendimento;1
271;219;2;Em atendimento;1
272;220;4;Em atendimento;1
273;221;4;Em atendimento;1
274;222;4;Em atendimento;1
275;223;4;Em atendimento;1
276;224;4;Em atendimento;1
277;225;4;Em atendimento;1
278;226;2;Em atendimento;1
279;227;4;Em atendimento;1
280;228;2;Em atendimento;1
281;229;2;Em atendimento;1
282;230;11;Em atendimento;1
283;231;11;Em atendimento;1
284;232;11;Em atendimento;1
285;233;11;Em atendimento;1
286;234;11;Em atendimento;1
287;235;11;Em atendimento;1
288;236;2;Em atendimento;1
289;237;2;Em atendimento;1
290;238;2;Em atendimento;1
291;239;11;Em atendimento;1
292;240;2;Em atendimento;1
293;241;8;Em atendimento;1
294;242;2;Em atendimento;1
295;243;4;Em atendimento;1
296;244;4;Em atendimento;1
297;245;4;Em atendimento;1
298;246;4;Em atendimento;1
299;247;4;Em atendimento;1
300;248;4;Em atendimento;1
301;249;2;Em atendimento;1
302;250;4;Em atendimento;1
303;1;2;Em atendimento;1
304;2;2;Em atendimento;1
305;3;11;Em atendimento;1
306;8;11;Em atendimento;1
307;9;11;Em atendimento;1
308;10;11;Em atendimento;1
309;18;11;Em atendimento;1
310;19;11;Em atendimento;1
311;20;2;Em atendimento;1
312;21;2;Em atendimento;1
313;22;2;Em atendimento;1
314;23;11;Em atendimento;1
315;24;2;Em atendimento;1
316;25;8;Em atendimento;1
317;26;2;Em atendimento;1
318;27;4;Em atendimento;1
319;28;4;Em atendimento;1
320;29;4;Em atendimento;1
321;30;4;Em atendimento;1
322;31;4;Em atendimento;1
323;32;4;Em atendimento;1
324;33;2;Em atendimento;1
325;34;4;Em atendimento;1
326;35;2;Em atendimento;1
327;36;2;Em atendimento;1
328;37;11;Em atendimento;1
329;38;11;Em atendimento;1
330;39;11;Em atendimento;1
331;40;11;Em atendimento;1
332;41;11;Em atendimento;1
333;42;11;Em atendimento;1
334;43;2;Em atendimento;1
335;44;2;Em atendimento;1
336;45;2;Em atendimento;1
337;47;11;Em atendimento;1
338;48;2;Em atendimento;1
339;49;8;Em atendimento;1
340;50;2;Em atendimento;1
341;51;4;Em atendimento;1
342;52;4;Em atendimento;1
343;54;4;Em atendimento;1
344;59;4;Em atendimento;1
